{
  "hidden_dims": [
    4096,
    1024,
    256
  ],
  "latent_dim": 64,
  "lr": 0.004987544765589422,
  "dropout": 0.3380012007899086,
  "beta_end": 1.5627899699267567,
  "beta_warmup": 30,
  "decode_alpha": 1.7551783326947263
}