{
  "hidden_dims": [
    4096,
    1024,
    256
  ],
  "latent_dim": 64,
  "lr": 0.004907249536449826,
  "dropout": 0.39964876108980285,
  "beta_end": 1.3096981611494822,
  "beta_warmup": 29,
  "decode_alpha": 1.426754462524831
}